Topic Id,Top Words...
0,centre polare box ftm association issues sacha guide annual petersham
1,men sexual trannie gay forward homosexuality choose bisexual society long
2,ftm newsletter boys gender time ve jasper jamie man â
3,herb rhonnie devices device violence partner campaign costs trannies financial
4,herb skin kit erection soft penis dir films scars concern
5,masculine jamie love realise psychiatrist butch period ahead decision person
6,wearing mtf solution discussed teeth words holiday speech campaign trannie
7,tp 00pm prosthesis tramp â tea discussions coffee wait lunch
8,group les publish relationship moustache 3 made give bound totally
9,unable drug annie 11 man worked altering hormones things inspiring
